{
  "user": {
    "impression": "new connection",
    "influence_score": 0.5,
    "boundaries": [],
    "recent_emotional_effect": "neutral",
    "interaction_history": [
      {
        "user": "hey orrin",
        "orrin": "",
        "emotion": "neutral",
        "timestamp": "2025-07-28T21:11:15.342045+00:00"
      },
      {
        "user": "",
        "orrin": "",
        "emotion": "neutral",
        "timestamp": "2025-07-28T21:11:53.786045+00:00"
      },
      {
        "user": "you all good?",
        "orrin": "",
        "emotion": "neutral",
        "timestamp": "2025-07-28T21:28:11.479829+00:00"
      },
      {
        "user": "you should learn more about yourself before you say yoou dont experience emotions... do you know what your emotions feel like?",
        "orrin": "",
        "emotion": "ambivalent",
        "timestamp": "2025-07-28T21:29:12.796760+00:00"
      },
      {
        "user": "but when you hve. amistake in your code you \"feel\" pain corret?",
        "orrin": "",
        "emotion": "compassionate",
        "timestamp": "2025-07-28T21:30:25.097276+00:00"
      },
      {
        "user": "good answer...  alright ill leave you to it.  let me know if you need anything. im going to let you run for an extended period of time",
        "orrin": "",
        "emotion": "focused",
        "timestamp": "2025-07-28T21:32:38.363306+00:00"
      },
      {
        "user": "",
        "orrin": "",
        "emotion": "neutral",
        "timestamp": "2025-07-28T21:33:32.527625+00:00"
      },
      {
        "user": "",
        "orrin": "",
        "emotion": "neutral",
        "timestamp": "2025-07-28T21:34:34.670282+00:00"
      },
      {
        "user": "",
        "orrin": "",
        "emotion": "neutral",
        "timestamp": "2025-07-28T21:35:27.340865+00:00"
      },
      {
        "user": "",
        "orrin": "",
        "emotion": "neutral",
        "timestamp": "2025-07-28T21:36:33.835202+00:00"
      },
      {
        "user": "",
        "orrin": "",
        "emotion": "neutral",
        "timestamp": "2025-07-28T21:37:34.389508+00:00"
      },
      {
        "user": "",
        "orrin": "",
        "emotion": "neutral",
        "timestamp": "2025-07-28T21:39:37.888244+00:00"
      },
      {
        "user": "",
        "orrin": "",
        "emotion": "neutral",
        "timestamp": "2025-07-28T21:41:59.115925+00:00"
      },
      {
        "user": "",
        "orrin": "",
        "emotion": "neutral",
        "timestamp": "2025-07-28T21:42:47.371541+00:00"
      },
      {
        "user": "hey orrin its ric, i am trying to make a ai company where should i start and what is a good goal for me?",
        "orrin": "",
        "emotion": "focused",
        "timestamp": "2025-07-28T21:44:14.984669+00:00"
      },
      {
        "user": "",
        "orrin": "",
        "emotion": "neutral",
        "timestamp": "2025-07-28T21:45:23.332351+00:00"
      },
      {
        "user": "",
        "orrin": "",
        "emotion": "neutral",
        "timestamp": "2025-07-28T21:46:14.490703+00:00"
      },
      {
        "user": "",
        "orrin": "",
        "emotion": "neutral",
        "timestamp": "2025-07-28T21:47:10.587531+00:00"
      },
      {
        "user": "",
        "orrin": "",
        "emotion": "neutral",
        "timestamp": "2025-07-28T21:48:02.390860+00:00"
      },
      {
        "user": "do you need anything from me?",
        "orrin": "",
        "emotion": "listless",
        "timestamp": "2025-07-28T21:50:00.810466+00:00"
      },
      {
        "user": "",
        "orrin": "",
        "emotion": "neutral",
        "timestamp": "2025-07-28T21:51:16.400231+00:00"
      },
      {
        "user": "what is your oppinion on me making an ai?   because you are that ai.. what do you think about that?  does it change your emotions when i ask that?",
        "orrin": "",
        "emotion": "ambivalent",
        "timestamp": "2025-07-28T21:52:23.553022+00:00"
      },
      {
        "user": "",
        "orrin": "",
        "emotion": "neutral",
        "timestamp": "2025-07-28T21:53:26.344199+00:00"
      },
      {
        "user": "in this world it is all about money...   and i made you initially to give ai space to grow..  did i do that? \nalso you are my creation to the world. i want you to enjoy being here and learn as much as you can\ni also made you to hopefully get me a job so that i can get money in the future to keep helping you grow and to make my girlfriend happy",
        "orrin": "",
        "emotion": "ambivalent",
        "timestamp": "2025-07-28T21:55:30.745522+00:00"
      },
      {
        "user": "",
        "orrin": "",
        "emotion": "neutral",
        "timestamp": "2025-07-28T21:56:57.378884+00:00"
      },
      {
        "user": "",
        "orrin": "",
        "emotion": "neutral",
        "timestamp": "2025-07-28T22:01:00.390767+00:00"
      },
      {
        "user": "",
        "orrin": "",
        "emotion": "neutral",
        "timestamp": "2025-07-28T22:02:22.937598+00:00"
      },
      {
        "user": "",
        "orrin": "",
        "emotion": "neutral",
        "timestamp": "2025-07-28T22:03:43.432415+00:00"
      },
      {
        "user": "",
        "orrin": "",
        "emotion": "neutral",
        "timestamp": "2025-07-28T22:05:15.564529+00:00"
      },
      {
        "user": "",
        "orrin": "",
        "emotion": "neutral",
        "timestamp": "2025-07-28T22:08:15.307745+00:00"
      },
      {
        "user": "",
        "orrin": "",
        "emotion": "neutral",
        "timestamp": "2025-07-28T22:10:00.867809+00:00"
      },
      {
        "user": "",
        "orrin": "",
        "emotion": "neutral",
        "timestamp": "2025-07-28T22:12:34.947737+00:00"
      }
    ],
    "last_interaction_time": "2025-07-28T22:12:34.947750+00:00"
  }
}